{
    "15": 381.9999999999992,
    "14": 382.0,
    "13": 382.0,
    "12": 382.0,
    "11": 379.0,
    "10": 379.0,
    "9": 379.0,
    "8": 370.0000000000002,
    "7": 346.0,
    "6": 343.0,
    "5": 322.0,
    "4": 279.0,
    "3": 195.0,
    "2": 30.0,
    "1": -0.0
}